rule_kind,root_reachable_node_occurrences,distinct_path_reachable_nodes
black,33273731,30376803
double_immediate_win,11042442,10216305
double_open_four,0,0
infinite_threat_sequence,40391466,39118753
next_turn_finish,0,0
prepared_remote_threat_sequence,971354,802572
remote_interruption_threat_sequence,64888,50133
terminal,16990,13864
white,134032,128467
white_critical,0,0
white_forced_block_symbolic,13998016,12784270
white_fork_symbolic,11176,6320
white_open_four_critical,0,0
white_open_four_symbolic,230240,223772
white_open_four_symbolic_component,9229760,8323116
white_open_four_symbolic_far,3,3
white_open_four_symbolic_shared,0,0
